{
  "temperature": -50.49793243408203,
  "ece_before": 0.16327001320123674,
  "ece_after": 0.10138827323680744
}