{
  "top1_accuracy": 0.9481,
  "top1_accuracy_pct": 94.81,
  "top5_accuracy": 0.9957,
  "top5_accuracy_pct": 99.57,
  "per_class": {
    "airplane": {
      "precision": 0.95,
      "recall": 0.951,
      "f1_score": 0.9505,
      "support": 1000
    },
    "automobile": {
      "precision": 0.9761,
      "recall": 0.982,
      "f1_score": 0.9791,
      "support": 1000
    },
    "bird": {
      "precision": 0.9295,
      "recall": 0.923,
      "f1_score": 0.9262,
      "support": 1000
    },
    "cat": {
      "precision": 0.8977,
      "recall": 0.869,
      "f1_score": 0.8831,
      "support": 1000
    },
    "deer": {
      "precision": 0.9471,
      "recall": 0.966,
      "f1_score": 0.9564,
      "support": 1000
    },
    "dog": {
      "precision": 0.9029,
      "recall": 0.921,
      "f1_score": 0.9119,
      "support": 1000
    },
    "frog": {
      "precision": 0.962,
      "recall": 0.961,
      "f1_score": 0.9615,
      "support": 1000
    },
    "horse": {
      "precision": 0.9798,
      "recall": 0.971,
      "f1_score": 0.9754,
      "support": 1000
    },
    "ship": {
      "precision": 0.9679,
      "recall": 0.966,
      "f1_score": 0.967,
      "support": 1000
    },
    "truck": {
      "precision": 0.9671,
      "recall": 0.971,
      "f1_score": 0.9691,
      "support": 1000
    }
  },
  "macro_precision": 0.948,
  "macro_recall": 0.9481,
  "macro_f1": 0.948,
  "weighted_precision": 0.948,
  "weighted_recall": 0.9481,
  "weighted_f1": 0.948,
  "matthews_corrcoef": 0.9423,
  "cohen_kappa": 0.9423,
  "per_class_accuracy": {
    "airplane": 0.951,
    "automobile": 0.982,
    "bird": 0.923,
    "cat": 0.869,
    "deer": 0.966,
    "dog": 0.921,
    "frog": 0.961,
    "horse": 0.971,
    "ship": 0.966,
    "truck": 0.971
  },
  "min_class_accuracy": 0.869,
  "max_class_accuracy": 0.982,
  "mean_confidence": 0.8813,
  "mean_correct_confidence": 0.8926,
  "mean_wrong_confidence": 0.6719,
  "ece": 0.0697,
  "classification_report": {
    "airplane": {
      "precision": 0.9500499500499501,
      "recall": 0.951,
      "f1-score": 0.9505247376311844,
      "support": 1000.0
    },
    "automobile": {
      "precision": 0.9761431411530815,
      "recall": 0.982,
      "f1-score": 0.9790628115653041,
      "support": 1000.0
    },
    "bird": {
      "precision": 0.9295065458207452,
      "recall": 0.923,
      "f1-score": 0.9262418464626192,
      "support": 1000.0
    },
    "cat": {
      "precision": 0.8977272727272727,
      "recall": 0.869,
      "f1-score": 0.883130081300813,
      "support": 1000.0
    },
    "deer": {
      "precision": 0.9470588235294117,
      "recall": 0.966,
      "f1-score": 0.9564356435643564,
      "support": 1000.0
    },
    "dog": {
      "precision": 0.9029411764705882,
      "recall": 0.921,
      "f1-score": 0.9118811881188119,
      "support": 1000.0
    },
    "frog": {
      "precision": 0.9619619619619619,
      "recall": 0.961,
      "f1-score": 0.961480740370185,
      "support": 1000.0
    },
    "horse": {
      "precision": 0.9798183652875883,
      "recall": 0.971,
      "f1-score": 0.9753892516323456,
      "support": 1000.0
    },
    "ship": {
      "precision": 0.9679358717434869,
      "recall": 0.966,
      "f1-score": 0.9669669669669669,
      "support": 1000.0
    },
    "truck": {
      "precision": 0.9671314741035857,
      "recall": 0.971,
      "f1-score": 0.969061876247505,
      "support": 1000.0
    },
    "accuracy": 0.9481,
    "macro avg": {
      "precision": 0.9480274582847672,
      "recall": 0.9480999999999999,
      "f1-score": 0.9480175143860091,
      "support": 10000.0
    },
    "weighted avg": {
      "precision": 0.9480274582847673,
      "recall": 0.9481,
      "f1-score": 0.9480175143860091,
      "support": 10000.0
    }
  },
  "throughput": {
    "images_per_second": 13670.6,
    "ms_per_image": 0.0731,
    "batch_size": 512
  },
  "checkpoint": "./checkpoints/best_model.pth",
  "checkpoint_epoch": 95,
  "best_val_acc": 0.9506
}