{
  "train_loss": [
    1.8242788589901395,
    1.3419818584442138,
    1.1456929624557495,
    1.0533512423833211,
    0.9979699744966295,
    0.96174586130778,
    0.9387034382926093,
    0.9165778117921617,
    0.9033317098193698,
    0.8953427093929714,
    0.8800875537660386,
    0.875431041293674,
    0.8630025287416246,
    0.855413071738349,
    0.8430878023041619,
    0.8381284870359633,
    0.8321891695976257,
    0.8237736539416843,
    0.818838072681427,
    0.8156367199579875,
    0.8076751732508342,
    0.8071384904225667,
    0.7983659713321262,
    0.7966056380271912,
    0.7934944808430142,
    0.7898553263770209,
    0.788524022547404,
    0.7784096558041043,
    0.7777052486313714,
    0.7740856061935425,
    0.7705789812617831,
    0.7675158700625102,
    0.7619142769071791,
    0.7564710447735257,
    0.756203263092041,
    0.7559809136390686,
    0.7461555038876003,
    0.7416624233457777,
    0.7403866099463569,
    0.7410432229995727,
    0.7305458553420173,
    0.7298854520373874,
    0.7270544525464376,
    0.7229443211661445,
    0.721199624909295,
    0.7138744855033027,
    0.7115110097461277,
    0.7042066683451335,
    0.7016551480293274,
    0.6973332357194688,
    0.6945440191904704,
    0.6905584914419386,
    0.6846135458416409,
    0.6809336990568373,
    0.6763854050212437,
    0.6743538995954725,
    0.6665298963970608,
    0.6620261344485813,
    0.656109961075253,
    0.6555772377649943,
    0.6470655054092407,
    0.6421516569561428,
    0.6419042536841498,
    0.6326767333136665,
    0.6318601161532932,
    0.6240865597512987,
    0.6206413667254977,
    0.6163125767495897,
    0.6089441101074219,
    0.6046004611757066,
    0.596734008216858,
    0.5925108653598361,
    0.5877405876583524,
    0.5836811279084947,
    0.578138377571106,
    0.573316669178009,
    0.5710354950057136,
    0.5639335592481826,
    0.5571870400534735,
    0.5553038468678793,
    0.5514356839921739,
    0.5453157789654202,
    0.5425732891506619,
    0.5380602196269565,
    0.536580527358585,
    0.532470309691959,
    0.5298236791610718,
    0.5294856089062161,
    0.5245898140589396,
    0.5240278121100531,
    0.5219119176122877,
    0.5208896077367995,
    0.5205399121920268,
    0.520675255616506,
    0.5203147841029697,
    0.5192210969818963,
    0.518469698662228,
    0.5176649415545993,
    0.5186798356691996,
    0.5189369596693251
  ],
  "train_top1": [
    0.4116666666454739,
    0.6230666667196486,
    0.718066666677263,
    0.760000000052982,
    0.7863777777883741,
    0.8020000000105963,
    0.8129333333757188,
    0.8241333333333334,
    0.829333333322737,
    0.8327333333333333,
    0.8388444444974263,
    0.8399555555979411,
    0.8470666666560703,
    0.8493999999894036,
    0.8553333333545261,
    0.85724444448683,
    0.8586666666454739,
    0.8627999999894036,
    0.8654666666454739,
    0.8660000000317891,
    0.8704222222222222,
    0.8694000000423855,
    0.8744888889418708,
    0.8751777777883741,
    0.87644444448683,
    0.8778666666348776,
    0.878,
    0.8813333333439297,
    0.8829333333121405,
    0.8843111111323039,
    0.8865333333651225,
    0.8871777778201633,
    0.8887111111429002,
    0.8927777777883742,
    0.8905999999788072,
    0.8922444444444444,
    0.8949999999682109,
    0.8986666666878594,
    0.8978666667196485,
    0.8981333333439298,
    0.901155555597941,
    0.9032666666984558,
    0.9040000000317892,
    0.9059111111640931,
    0.9065111111429003,
    0.9106444444444445,
    0.9110444444762336,
    0.9141111111429002,
    0.9167333333757188,
    0.9185333333545261,
    0.9182888888570997,
    0.9194666666984558,
    0.9231777777671814,
    0.9235777777777778,
    0.9274444444444444,
    0.9274666666772631,
    0.9311555555661519,
    0.9331555555237664,
    0.9352888888570997,
    0.9362222222540114,
    0.9391111110899183,
    0.9416666667090522,
    0.9415777777459886,
    0.9450222222646077,
    0.9455333333863153,
    0.9494888888994852,
    0.9498222222328186,
    0.9529333333757188,
    0.9557777778201633,
    0.9573333333863152,
    0.9623555555979411,
    0.9629777778307597,
    0.9654000000423856,
    0.9673333333333334,
    0.9703777777565851,
    0.9719555555343627,
    0.972111111164093,
    0.9760222222010294,
    0.9793333333015442,
    0.9787777777671814,
    0.9811999999788072,
    0.9835111110899184,
    0.9855777777565851,
    0.9872000000529819,
    0.9877999999788072,
    0.9897999999894036,
    0.9905999999788072,
    0.9905999999788072,
    0.9924888888888889,
    0.9932888888888889,
    0.9940888888782925,
    0.9940222222010294,
    0.9942888888888889,
    0.9945777777565851,
    0.9945333333333334,
    0.9947777777777778,
    0.9952,
    0.9956222222116259,
    0.9949555555555556,
    0.9948666666560703
  ],
  "train_top5": [
    0.8837777778307597,
    0.9605555555237664,
    0.9769555555979411,
    0.9828222222116259,
    0.9843555555343628,
    0.9870444444232517,
    0.9880444444444444,
    0.9896222222116259,
    0.9902888888782925,
    0.9910444444444444,
    0.9910666666560702,
    0.9910444444444444,
    0.9917111111005147,
    0.9916444444232517,
    0.9920444444444444,
    0.9930888888888889,
    0.9929333333333333,
    0.993444444433848,
    0.9935777777777778,
    0.9935555555449592,
    0.9935555555555555,
    0.9945777777777778,
    0.9938444444444444,
    0.994,
    0.994533333322737,
    0.9942444444444445,
    0.9938888888888889,
    0.9944888888782925,
    0.9941777777777778,
    0.9946222222116259,
    0.9946666666454739,
    0.9943777777777778,
    0.9951555555449592,
    0.9953333333333333,
    0.9952444444444445,
    0.9948,
    0.9958666666666667,
    0.9957555555449592,
    0.9959111110899184,
    0.9952666666454739,
    0.9961555555555556,
    0.9965333333333334,
    0.9962666666666666,
    0.9955111111111111,
    0.9962222222222222,
    0.9965111110899183,
    0.9967555555555555,
    0.9967777777777778,
    0.9968222222116259,
    0.9969777777777777,
    0.9968222222222223,
    0.9969777777777777,
    0.9974222222222222,
    0.9978,
    0.9971777777777778,
    0.9973555555555556,
    0.9981111111005148,
    0.9985111111111111,
    0.9978444444444444,
    0.9982444444444445,
    0.9979777777777777,
    0.9981555555555556,
    0.9985333333333334,
    0.9985777777777778,
    0.9985333333333334,
    0.9986666666560703,
    0.9988666666666667,
    0.9989555555449592,
    0.9987333333333334,
    0.9991111111111111,
    0.9990222222222223,
    0.9992666666666666,
    0.9993111111111111,
    0.9994444444444445,
    0.9995777777777778,
    0.9993777777777778,
    0.9995111111111111,
    0.9996222222222222,
    0.9995111111111111,
    0.9995777777777778,
    0.9996888888888888,
    0.9997555555555555,
    0.9996888888888888,
    0.9998222222222222,
    0.9997777777777778,
    0.9997555555555555,
    0.9998,
    0.9996888888888888,
    0.9998888888888889,
    0.9997777777777778,
    0.9999333333333333,
    0.9999111111111111,
    0.9998666666666667,
    0.9997555555555555,
    0.9998666666666667,
    0.9998888888888889,
    0.9999111111111111,
    0.9999333333333333,
    0.9998666666666667,
    0.9999777777777777
  ],